{
  "coward_bot": {
    "rating": 1043.0415180888876,
    "wins": 146,
    "losses": 105,
    "draws": 8
  },
  "easy": {
    "rating": 873.379473028747,
    "wins": 84,
    "losses": 110,
    "draws": 59
  },
  "example": {
    "rating": 733.0547794003422,
    "wins": 42,
    "losses": 158,
    "draws": 45
  },
  "hard": {
    "rating": 1255.6932256693738,
    "wins": 174,
    "losses": 43,
    "draws": 28
  },
  "hard_bot_2": {
    "rating": 1469.75553853441,
    "wins": 141,
    "losses": 30,
    "draws": 7
  },
  "kite_bot": {
    "rating": 1310.9053406342798,
    "wins": 201,
    "losses": 44,
    "draws": 1
  },
  "medium": {
    "rating": 941.0511038413168,
    "wins": 109,
    "losses": 129,
    "draws": 8
  },
  "null": {
    "rating": 670.5715789549502,
    "wins": 0,
    "losses": 147,
    "draws": 97
  },
  "terror_bot": {
    "rating": 1154.7733810399354,
    "wins": 118,
    "losses": 47,
    "draws": 4
  },
  "wander": {
    "rating": 547.7740608077575,
    "wins": 0,
    "losses": 202,
    "draws": 43
  }
}