{
  "coward_bot": {
    "rating": 1027.9414266549704,
    "wins": 28,
    "losses": 24,
    "draws": 21
  },
  "easy": {
    "rating": 953.8651237916822,
    "wins": 17,
    "losses": 30,
    "draws": 26
  },
  "example": {
    "rating": 900.6263465271462,
    "wins": 12,
    "losses": 42,
    "draws": 19
  },
  "hard": {
    "rating": 1091.4372453767278,
    "wins": 32,
    "losses": 7,
    "draws": 34
  },
  "hard_bot_2": {
    "rating": 1174.272313015511,
    "wins": 42,
    "losses": 5,
    "draws": 26
  },
  "kite_bot": {
    "rating": 1267.2276134490821,
    "wins": 55,
    "losses": 4,
    "draws": 14
  },
  "medium": {
    "rating": 1032.6491984947022,
    "wins": 25,
    "losses": 25,
    "draws": 23
  },
  "null": {
    "rating": 893.7035076810186,
    "wins": 13,
    "losses": 32,
    "draws": 28
  },
  "Peri": {
    "rating": 597.7335235350286,
    "wins": 0,
    "losses": 66,
    "draws": 1
  },
  "terror_bot": {
    "rating": 1067.6607160988297,
    "wins": 36,
    "losses": 16,
    "draws": 21
  },
  "turtle": {
    "rating": 1058.745613430602,
    "wins": 20,
    "losses": 13,
    "draws": 40
  },
  "wander": {
    "rating": 934.5040624062603,
    "wins": 12,
    "losses": 37,
    "draws": 24
  }
}